{"cameraMode":{"drawMode":0,"name":"Shaded","section":"Shading Mode"},"sceneLighting":false,"audioPlay":false,"sceneViewState":{"showFog":true,"showMaterialUpdate":false,"showSkybox":true,"showFlares":true,"showImageEffects":true,"showParticleSystems":true},"in2DMode":false,"pivot":{"x":0.2943737506866455,"y":0.5326765775680542,"z":0.0},"rotation":{"x":-0.09017983078956604,"y":-0.012849836610257626,"z":0.001163627952337265,"w":-0.995841920375824},"size":4.790290832519531,"orthographic":false}