{"cameraMode":{"drawMode":0,"name":"Shaded","section":"Shading Mode"},"sceneLighting":false,"audioPlay":false,"sceneViewState":{"showFog":true,"showMaterialUpdate":false,"showSkybox":true,"showFlares":true,"showImageEffects":true,"showParticleSystems":true},"in2DMode":false,"pivot":{"x":-8.430000305175782,"y":1.3600000143051148,"z":0.0},"rotation":{"x":-0.1095777377486229,"y":-0.014315679669380188,"z":0.0015784085262566805,"w":-0.9938739538192749},"size":3.792445659637451,"orthographic":false}