{"cameraMode":{"drawMode":0,"name":"Shaded","section":"Shading Mode"},"sceneLighting":true,"audioPlay":false,"sceneViewState":{"showFog":true,"showMaterialUpdate":false,"showSkybox":true,"showFlares":true,"showImageEffects":true,"showParticleSystems":true},"in2DMode":false,"pivot":{"x":7.745695114135742,"y":-4.243845462799072,"z":-0.9247264862060547},"rotation":{"x":-0.06884399056434632,"y":-0.10842666774988175,"z":0.007527047768235207,"w":-0.9916892051696777},"size":19.993560791015626,"orthographic":false}