{"cameraMode":{"drawMode":0,"name":"Shaded","section":"Shading Mode"},"sceneLighting":false,"audioPlay":false,"sceneViewState":{"showFog":true,"showMaterialUpdate":false,"showSkybox":true,"showFlares":true,"showImageEffects":true,"showParticleSystems":true},"in2DMode":false,"pivot":{"x":-8.199999809265137,"y":-1.4900000095367432,"z":0.0},"rotation":{"x":-0.1170259416103363,"y":-0.015792911872267724,"z":0.0018612463027238846,"w":-0.9930015206336975},"size":6.1008710861206059,"orthographic":false}