{"cameraMode":{"drawMode":0,"name":"Shaded","section":"Shading Mode"},"sceneLighting":true,"audioPlay":false,"sceneViewState":{"showFog":true,"showMaterialUpdate":false,"showSkybox":true,"showFlares":true,"showImageEffects":true,"showParticleSystems":true},"in2DMode":false,"pivot":{"x":1.1224764585494996,"y":0.7783125042915344,"z":-17.064085006713868},"rotation":{"x":0.3603224754333496,"y":-0.27761223912239077,"z":0.11324157565832138,"w":0.8833320736885071},"size":6.873736381530762,"orthographic":false}