{"cameraMode":{"drawMode":0,"name":"Shaded","section":"Shading Mode"},"sceneLighting":true,"audioPlay":false,"sceneViewState":{"showFog":true,"showMaterialUpdate":false,"showSkybox":true,"showFlares":true,"showImageEffects":true,"showParticleSystems":true},"in2DMode":false,"pivot":{"x":-4.434319972991943,"y":-5.277319431304932,"z":-1.874155044555664},"rotation":{"x":-0.1170259416103363,"y":-0.015792911872267724,"z":0.0018612463027238846,"w":-0.9930015206336975},"size":24.02454948425293,"orthographic":false}